{
  "annotations": {
    "list": [
      {
        "builtIn": 1,
        "datasource": {
          "type": "grafana",
          "uid": "-- Grafana --"
        },
        "enable": true,
        "hide": true,
        "iconColor": "rgba(0, 211, 255, 1)",
        "name": "Annotations & Alerts",
        "type": "dashboard"
      }
    ]
  },
  "editable": true,
  "fiscalYearStartMonth": 0,
  "graphTooltip": 0,
  "id": null,
  "links": [],
  "liveNow": false,
  "panels": [
    {
      "collapsed": false,
      "gridPos": {
        "h": 1,
        "w": 24,
        "x": 0,
        "y": 0
      },
      "id": 1,
      "panels": [],
      "title": "Overview",
      "type": "row"
    },
    {
      "datasource": {
        "type": "loki",
        "uid": "loki"
      },
      "fieldConfig": {
        "defaults": {
          "color": {
            "mode": "palette-classic"
          },
          "mappings": [],
          "thresholds": {
            "mode": "absolute",
            "steps": [
              {
                "color": "green",
                "value": null
              }
            ]
          },
          "unit": "short"
        },
        "overrides": []
      },
      "gridPos": {
        "h": 4,
        "w": 6,
        "x": 0,
        "y": 1
      },
      "id": 2,
      "options": {
        "colorMode": "value",
        "graphMode": "area",
        "justifyMode": "auto",
        "orientation": "auto",
        "reduceOptions": {
          "calcs": ["sum"],
          "fields": "",
          "values": false
        },
        "textMode": "auto"
      },
      "pluginVersion": "10.2.3",
      "targets": [
        {
          "datasource": {
            "type": "loki",
            "uid": "loki"
          },
          "expr": "sum(count_over_time({source=~\"nomad|nomad-fallback\"} [$__range]))",
          "queryType": "instant",
          "refId": "A"
        }
      ],
      "title": "Total Log Lines",
      "type": "stat"
    },
    {
      "datasource": {
        "type": "loki",
        "uid": "loki"
      },
      "fieldConfig": {
        "defaults": {
          "color": {
            "mode": "palette-classic"
          },
          "mappings": [],
          "thresholds": {
            "mode": "absolute",
            "steps": [
              {
                "color": "green",
                "value": null
              }
            ]
          },
          "unit": "short"
        },
        "overrides": []
      },
      "gridPos": {
        "h": 4,
        "w": 6,
        "x": 6,
        "y": 1
      },
      "id": 3,
      "options": {
        "colorMode": "value",
        "graphMode": "area",
        "justifyMode": "auto",
        "orientation": "auto",
        "reduceOptions": {
          "calcs": ["sum"],
          "fields": "",
          "values": false
        },
        "textMode": "auto"
      },
      "pluginVersion": "10.2.3",
      "targets": [
        {
          "datasource": {
            "type": "loki",
            "uid": "loki"
          },
          "expr": "sum(count_over_time({source=~\"nomad|nomad-fallback\", stream=\"stderr\"} |~ \"(?i)(error|exception|fatal|panic|fail)\" [$__range]))",
          "queryType": "instant",
          "refId": "A"
        }
      ],
      "title": "Error Lines",
      "type": "stat"
    },
    {
      "datasource": {
        "type": "loki",
        "uid": "loki"
      },
      "fieldConfig": {
        "defaults": {
          "color": {
            "mode": "palette-classic"
          },
          "mappings": [],
          "thresholds": {
            "mode": "absolute",
            "steps": [
              {
                "color": "green",
                "value": null
              }
            ]
          },
          "unit": "short"
        },
        "overrides": []
      },
      "gridPos": {
        "h": 4,
        "w": 6,
        "x": 12,
        "y": 1
      },
      "id": 4,
      "options": {
        "colorMode": "value",
        "graphMode": "none",
        "justifyMode": "auto",
        "orientation": "auto",
        "reduceOptions": {
          "calcs": ["lastNotNull"],
          "fields": "",
          "values": false
        },
        "textMode": "auto"
      },
      "pluginVersion": "10.2.3",
      "targets": [
        {
          "datasource": {
            "type": "loki",
            "uid": "loki"
          },
          "expr": "count(sum by (job) (count_over_time({source=~\"nomad|nomad-fallback\", job=~\".+\"} [$__range])))",
          "queryType": "instant",
          "refId": "A"
        }
      ],
      "title": "Active Jobs",
      "type": "stat"
    },
    {
      "datasource": {
        "type": "loki",
        "uid": "loki"
      },
      "fieldConfig": {
        "defaults": {
          "color": {
            "mode": "palette-classic"
          },
          "mappings": [],
          "thresholds": {
            "mode": "absolute",
            "steps": [
              {
                "color": "green",
                "value": null
              }
            ]
          },
          "unit": "short"
        },
        "overrides": []
      },
      "gridPos": {
        "h": 4,
        "w": 6,
        "x": 18,
        "y": 1
      },
      "id": 5,
      "options": {
        "colorMode": "value",
        "graphMode": "none",
        "justifyMode": "auto",
        "orientation": "auto",
        "reduceOptions": {
          "calcs": ["lastNotNull"],
          "fields": "",
          "values": false
        },
        "textMode": "auto"
      },
      "pluginVersion": "10.2.3",
      "targets": [
        {
          "datasource": {
            "type": "loki",
            "uid": "loki"
          },
          "expr": "count(sum by (node) (count_over_time({source=~\"nomad|nomad-fallback|system\", node=~\".+\"} [$__range])))",
          "queryType": "instant",
          "refId": "A"
        }
      ],
      "title": "Active Nodes",
      "type": "stat"
    },
    {
      "datasource": {
        "type": "loki",
        "uid": "loki"
      },
      "fieldConfig": {
        "defaults": {
          "color": {
            "mode": "palette-classic"
          },
          "custom": {
            "axisBorderShow": false,
            "axisCenteredZero": false,
            "axisColorMode": "text",
            "axisLabel": "",
            "axisPlacement": "auto",
            "barAlignment": 0,
            "drawStyle": "bars",
            "fillOpacity": 80,
            "gradientMode": "none",
            "hideFrom": {
              "legend": false,
              "tooltip": false,
              "viz": false
            },
            "insertNulls": false,
            "lineInterpolation": "linear",
            "lineWidth": 1,
            "pointSize": 5,
            "scaleDistribution": {
              "type": "linear"
            },
            "showPoints": "auto",
            "spanNulls": false,
            "stacking": {
              "group": "A",
              "mode": "normal"
            },
            "thresholdsStyle": {
              "mode": "off"
            }
          },
          "mappings": [],
          "thresholds": {
            "mode": "absolute",
            "steps": [
              {
                "color": "green",
                "value": null
              }
            ]
          },
          "unit": "short"
        },
        "overrides": []
      },
      "gridPos": {
        "h": 8,
        "w": 12,
        "x": 0,
        "y": 5
      },
      "id": 6,
      "options": {
        "legend": {
          "calcs": ["sum"],
          "displayMode": "table",
          "placement": "right",
          "showLegend": true,
          "sortBy": "Total",
          "sortDesc": true
        },
        "tooltip": {
          "mode": "multi",
          "sort": "desc"
        }
      },
      "targets": [
        {
          "datasource": {
            "type": "loki",
            "uid": "loki"
          },
          "expr": "sum by (job) (count_over_time({source=~\"nomad|nomad-fallback\", job=~\"${job:regex}\", namespace=~\"${namespace:regex}\", task=~\"${task:regex}\", stream=~\"${stream:regex}\", node=~\"${node:regex}\"} [$__interval]))",
          "legendFormat": "{{job}}",
          "queryType": "range",
          "refId": "A"
        }
      ],
      "title": "Log Volume by Job",
      "type": "timeseries"
    },
    {
      "datasource": {
        "type": "loki",
        "uid": "loki"
      },
      "fieldConfig": {
        "defaults": {
          "color": {
            "mode": "palette-classic"
          },
          "custom": {
            "axisBorderShow": false,
            "axisCenteredZero": false,
            "axisColorMode": "text",
            "axisLabel": "",
            "axisPlacement": "auto",
            "barAlignment": 0,
            "drawStyle": "bars",
            "fillOpacity": 80,
            "gradientMode": "none",
            "hideFrom": {
              "legend": false,
              "tooltip": false,
              "viz": false
            },
            "insertNulls": false,
            "lineInterpolation": "linear",
            "lineWidth": 1,
            "pointSize": 5,
            "scaleDistribution": {
              "type": "linear"
            },
            "showPoints": "auto",
            "spanNulls": false,
            "stacking": {
              "group": "A",
              "mode": "normal"
            },
            "thresholdsStyle": {
              "mode": "off"
            }
          },
          "mappings": [],
          "thresholds": {
            "mode": "absolute",
            "steps": [
              {
                "color": "green",
                "value": null
              }
            ]
          },
          "unit": "short"
        },
        "overrides": [
          {
            "matcher": {
              "id": "byName",
              "options": "stderr"
            },
            "properties": [
              {
                "id": "color",
                "value": {
                  "fixedColor": "red",
                  "mode": "fixed"
                }
              }
            ]
          },
          {
            "matcher": {
              "id": "byName",
              "options": "stdout"
            },
            "properties": [
              {
                "id": "color",
                "value": {
                  "fixedColor": "green",
                  "mode": "fixed"
                }
              }
            ]
          }
        ]
      },
      "gridPos": {
        "h": 8,
        "w": 12,
        "x": 12,
        "y": 5
      },
      "id": 7,
      "options": {
        "legend": {
          "calcs": ["sum"],
          "displayMode": "table",
          "placement": "right",
          "showLegend": true
        },
        "tooltip": {
          "mode": "multi",
          "sort": "desc"
        }
      },
      "targets": [
        {
          "datasource": {
            "type": "loki",
            "uid": "loki"
          },
          "expr": "sum by (stream) (count_over_time({source=~\"nomad|nomad-fallback\", job=~\"${job:regex}\", namespace=~\"${namespace:regex}\", task=~\"${task:regex}\", stream=~\"${stream:regex}\", node=~\"${node:regex}\"} [$__interval]))",
          "legendFormat": "{{stream}}",
          "queryType": "range",
          "refId": "A"
        }
      ],
      "title": "Log Volume by Stream",
      "type": "timeseries"
    },
    {
      "collapsed": false,
      "gridPos": {
        "h": 1,
        "w": 24,
        "x": 0,
        "y": 13
      },
      "id": 8,
      "panels": [],
      "title": "Nomad Logs",
      "type": "row"
    },
    {
      "datasource": {
        "type": "loki",
        "uid": "loki"
      },
      "gridPos": {
        "h": 12,
        "w": 24,
        "x": 0,
        "y": 14
      },
      "id": 9,
      "options": {
        "dedupStrategy": "none",
        "enableLogDetails": true,
        "prettifyLogMessage": false,
        "showCommonLabels": false,
        "showLabels": true,
        "showTime": true,
        "sortOrder": "Descending",
        "wrapLogMessage": true
      },
      "targets": [
        {
          "datasource": {
            "type": "loki",
            "uid": "loki"
          },
          "expr": "{source=~\"nomad|nomad-fallback\", job=~\"${job:regex}\", namespace=~\"${namespace:regex}\", task=~\"${task:regex}\", stream=~\"${stream:regex}\", node=~\"${node:regex}\"}",
          "queryType": "range",
          "refId": "A"
        }
      ],
      "title": "Nomad Application Logs",
      "type": "logs"
    },
    {
      "collapsed": true,
      "gridPos": {
        "h": 1,
        "w": 24,
        "x": 0,
        "y": 26
      },
      "id": 10,
      "panels": [
        {
          "datasource": {
            "type": "loki",
            "uid": "loki"
          },
          "gridPos": {
            "h": 10,
            "w": 24,
            "x": 0,
            "y": 27
          },
          "id": 11,
          "options": {
            "dedupStrategy": "none",
            "enableLogDetails": true,
            "prettifyLogMessage": false,
            "showCommonLabels": false,
            "showLabels": true,
            "showTime": true,
            "sortOrder": "Descending",
            "wrapLogMessage": true
          },
          "targets": [
            {
              "datasource": {
                "type": "loki",
                "uid": "loki"
              },
              "expr": "{source=~\"nomad|nomad-fallback\", job=~\"${job:regex}\", namespace=~\"${namespace:regex}\", task=~\"${task:regex}\", stream=\"stderr\", node=~\"${node:regex}\"} |~ \"(?i)(error|exception|fatal|panic|fail)\"",
              "queryType": "range",
              "refId": "A"
            }
          ],
          "title": "Errors Only (stderr with error patterns)",
          "type": "logs"
        }
      ],
      "title": "Errors",
      "type": "row"
    },
    {
      "collapsed": true,
      "gridPos": {
        "h": 1,
        "w": 24,
        "x": 0,
        "y": 27
      },
      "id": 12,
      "panels": [
        {
          "datasource": {
            "type": "loki",
            "uid": "loki"
          },
          "gridPos": {
            "h": 10,
            "w": 24,
            "x": 0,
            "y": 28
          },
          "id": 13,
          "options": {
            "dedupStrategy": "none",
            "enableLogDetails": true,
            "prettifyLogMessage": false,
            "showCommonLabels": false,
            "showLabels": true,
            "showTime": true,
            "sortOrder": "Descending",
            "wrapLogMessage": true
          },
          "targets": [
            {
              "datasource": {
                "type": "loki",
                "uid": "loki"
              },
              "expr": "{source=\"system\", node=~\"${node:regex}\"}",
              "queryType": "range",
              "refId": "A"
            }
          ],
          "title": "System Logs (syslog, nomad, consul)",
          "type": "logs"
        }
      ],
      "title": "System Logs",
      "type": "row"
    },
    {
      "collapsed": true,
      "gridPos": {
        "h": 1,
        "w": 24,
        "x": 0,
        "y": 28
      },
      "id": 14,
      "panels": [
        {
          "datasource": {
            "type": "loki",
            "uid": "loki"
          },
          "fieldConfig": {
            "defaults": {
              "color": {
                "mode": "palette-classic"
              },
              "custom": {
                "hideFrom": {
                  "legend": false,
                  "tooltip": false,
                  "viz": false
                }
              },
              "mappings": []
            },
            "overrides": []
          },
          "gridPos": {
            "h": 8,
            "w": 8,
            "x": 0,
            "y": 29
          },
          "id": 15,
          "options": {
            "legend": {
              "displayMode": "table",
              "placement": "right",
              "showLegend": true,
              "values": ["value"]
            },
            "pieType": "pie",
            "reduceOptions": {
              "calcs": ["lastNotNull"],
              "fields": "",
              "values": false
            },
            "tooltip": {
              "mode": "single",
              "sort": "none"
            }
          },
          "targets": [
            {
              "datasource": {
                "type": "loki",
                "uid": "loki"
              },
              "expr": "sum by (namespace) (count_over_time({source=~\"nomad|nomad-fallback\", namespace=~\".+\"} [$__range]))",
              "legendFormat": "{{namespace}}",
              "queryType": "instant",
              "refId": "A"
            }
          ],
          "title": "Logs by Namespace",
          "type": "piechart"
        },
        {
          "datasource": {
            "type": "loki",
            "uid": "loki"
          },
          "fieldConfig": {
            "defaults": {
              "color": {
                "mode": "palette-classic"
              },
              "custom": {
                "hideFrom": {
                  "legend": false,
                  "tooltip": false,
                  "viz": false
                }
              },
              "mappings": []
            },
            "overrides": []
          },
          "gridPos": {
            "h": 8,
            "w": 8,
            "x": 8,
            "y": 29
          },
          "id": 16,
          "options": {
            "legend": {
              "displayMode": "table",
              "placement": "right",
              "showLegend": true,
              "values": ["value"]
            },
            "pieType": "pie",
            "reduceOptions": {
              "calcs": ["lastNotNull"],
              "fields": "",
              "values": false
            },
            "tooltip": {
              "mode": "single",
              "sort": "none"
            }
          },
          "targets": [
            {
              "datasource": {
                "type": "loki",
                "uid": "loki"
              },
              "expr": "sum by (node) (count_over_time({source=~\"nomad|nomad-fallback\", node=~\".+\"} [$__range]))",
              "legendFormat": "{{node}}",
              "queryType": "instant",
              "refId": "A"
            }
          ],
          "title": "Logs by Node",
          "type": "piechart"
        },
        {
          "datasource": {
            "type": "loki",
            "uid": "loki"
          },
          "fieldConfig": {
            "defaults": {
              "color": {
                "mode": "palette-classic"
              },
              "custom": {
                "hideFrom": {
                  "legend": false,
                  "tooltip": false,
                  "viz": false
                }
              },
              "mappings": []
            },
            "overrides": []
          },
          "gridPos": {
            "h": 8,
            "w": 8,
            "x": 16,
            "y": 29
          },
          "id": 17,
          "options": {
            "legend": {
              "displayMode": "table",
              "placement": "right",
              "showLegend": true,
              "values": ["value"]
            },
            "pieType": "pie",
            "reduceOptions": {
              "calcs": ["lastNotNull"],
              "fields": "",
              "values": false
            },
            "tooltip": {
              "mode": "single",
              "sort": "none"
            }
          },
          "targets": [
            {
              "datasource": {
                "type": "loki",
                "uid": "loki"
              },
              "expr": "sum by (source) (count_over_time({source=~\".+\"} [$__range]))",
              "legendFormat": "{{source}}",
              "queryType": "instant",
              "refId": "A"
            }
          ],
          "title": "Logs by Source",
          "type": "piechart"
        }
      ],
      "title": "Analytics",
      "type": "row"
    }
  ],
  "refresh": "30s",
  "schemaVersion": 39,
  "tags": ["nomad", "loki", "logs"],
  "templating": {
    "list": [
      {
        "allValue": "",
        "current": {
          "selected": true,
          "text": "All",
          "value": "$__all"
        },
        "datasource": {
          "type": "loki",
          "uid": "loki"
        },
        "definition": "",
        "hide": 0,
        "includeAll": true,
        "label": "Job",
        "multi": true,
        "name": "job",
        "options": [],
        "query": {
          "label": "job",
          "refId": "LokiVariableQueryEditor-VariableQuery",
          "stream": "",
          "type": 1
        },
        "refresh": 2,
        "regex": "",
        "skipUrlSync": false,
        "sort": 1,
        "type": "query"
      },
      {
        "allValue": "",
        "current": {
          "selected": true,
          "text": "All",
          "value": "$__all"
        },
        "datasource": {
          "type": "loki",
          "uid": "loki"
        },
        "definition": "",
        "hide": 0,
        "includeAll": true,
        "label": "Namespace",
        "multi": true,
        "name": "namespace",
        "options": [],
        "query": {
          "label": "namespace",
          "refId": "LokiVariableQueryEditor-VariableQuery",
          "stream": "",
          "type": 1
        },
        "refresh": 2,
        "regex": "",
        "skipUrlSync": false,
        "sort": 1,
        "type": "query"
      },
      {
        "allValue": "",
        "current": {
          "selected": true,
          "text": "All",
          "value": "$__all"
        },
        "datasource": {
          "type": "loki",
          "uid": "loki"
        },
        "definition": "",
        "hide": 0,
        "includeAll": true,
        "label": "Task",
        "multi": true,
        "name": "task",
        "options": [],
        "query": {
          "label": "task",
          "refId": "LokiVariableQueryEditor-VariableQuery",
          "stream": "",
          "type": 1
        },
        "refresh": 2,
        "regex": "",
        "skipUrlSync": false,
        "sort": 1,
        "type": "query"
      },
      {
        "allValue": "",
        "current": {
          "selected": true,
          "text": "All",
          "value": "$__all"
        },
        "datasource": {
          "type": "loki",
          "uid": "loki"
        },
        "definition": "",
        "hide": 0,
        "includeAll": true,
        "label": "Node",
        "multi": true,
        "name": "node",
        "options": [],
        "query": {
          "label": "node",
          "refId": "LokiVariableQueryEditor-VariableQuery",
          "stream": "",
          "type": 1
        },
        "refresh": 2,
        "regex": "",
        "skipUrlSync": false,
        "sort": 1,
        "type": "query"
      },
      {
        "allValue": "",
        "current": {
          "selected": true,
          "text": "All",
          "value": "$__all"
        },
        "hide": 0,
        "includeAll": true,
        "label": "Stream",
        "multi": false,
        "name": "stream",
        "options": [
          {
            "selected": true,
            "text": "All",
            "value": "$__all"
          },
          {
            "selected": false,
            "text": "stdout",
            "value": "stdout"
          },
          {
            "selected": false,
            "text": "stderr",
            "value": "stderr"
          }
        ],
        "query": "stdout,stderr",
        "queryValue": "",
        "skipUrlSync": false,
        "type": "custom"
      },
      {
        "current": {
          "selected": false,
          "text": "",
          "value": ""
        },
        "hide": 0,
        "label": "Search",
        "name": "search",
        "options": [
          {
            "selected": true,
            "text": "",
            "value": ""
          }
        ],
        "query": "",
        "skipUrlSync": false,
        "type": "textbox"
      }
    ]
  },
  "time": {
    "from": "now-1h",
    "to": "now"
  },
  "timepicker": {},
  "timezone": "browser",
  "title": "Nomad Logs Dashboard",
  "uid": "nomad-logs-dashboard",
  "version": 1,
  "weekStart": ""
}